date,삼성전자,SK하이닉스,SOX,마이크론,USDKRW
2006-01-31,10341.7490234375,27007.1328125,538.8492431640625,14.315013885498047,948.0800170898438
2006-02-28,9601.052734375,24103.130859375,522.9369506835938,15.124378204345703,952.760009765625
2006-03-31,8804.4638671875,21017.64453125,499.4083557128906,14.354018211364746,964.0900268554688
2006-04-30,9000.115234375,23921.63671875,516.6599731445312,16.548076629638672,922.469970703125
2006-05-31,8692.6572265625,23377.1328125,464.5152282714844,16.148273468017578,937.1799926757812
2006-06-30,8434.39453125,22324.4453125,441.5063781738281,14.685564994812012,936.4600219726562
2006-07-31,8504.33203125,23558.638671875,412.5603942871094,15.202387809753418,941.9500122070312
2006-08-31,9091.8076171875,26716.724609375,449.00274658203125,16.850370407104492,950.1500244140625
2006-09-30,9287.6279296875,27188.638671875,454.4801025390625,16.96738624572754,936.3800048828125
2006-10-31,8546.2939453125,24829.142578125,457.91845703125,14.090731620788574,925.1500244140625
2006-11-30,8951.9345703125,25700.333984375,478.788330078125,14.237004280090332,919.8099975585938
2006-12-31,8645.4853515625,27144.322265625,466.81414794921875,13.61291217803955,916.9400024414062
2007-01-31,8180.0712890625,23202.818359375,458.7080383300781,12.628026008605957,924.0399780273438
2007-02-28,8039.02880859375,23165.62890625,473.3209533691406,11.565125465393066,928.5999755859375
2007-03-31,7940.30859375,24095.232421875,465.3448486328125,11.779659271240234,932.3599853515625
2007-04-30,8095.4482421875,23834.9453125,492.70159912109375,11.184823989868164,930.5499877929688
2007-05-31,7545.40966796875,21380.802734375,488.02386474609375,11.877169609069824,931.4099731445312
2007-06-30,7989.4912109375,24801.73046875,500.9176330566406,12.21846866607666,921.5599975585938
2007-07-31,8667.048828125,27962.365234375,498.838623046875,11.574878692626953,920.4400024414062
2007-08-31,8342.388671875,25099.19140625,497.1994323730469,11.165322303771973,937.0999755859375
2007-09-30,8116.5341796875,23277.18359375,499.84814453125,10.824020385742188,911.3900146484375
2007-10-31,7763.642578125,18592.00390625,463.1658935546875,10.248692512512207,898.6900024414062
2007-11-30,7975.380859375,19261.314453125,414.3794860839844,8.113141059875488,919.47998046875
2007-12-31,7951.875,19958.6015625,407.8426818847656,7.0697455406188965,926.3599853515625
2008-01-31,8509.654296875,19997.0625,358.8263854980469,6.816208362579346,941.219970703125
2008-02-29,8009.0859375,18881.841796875,347.88165283203125,7.33303165435791,937.8400268554688
2008-03-31,8910.1064453125,21419.9296875,343.7736511230469,5.821568489074707,992.280029296875
2008-04-30,10168.6796875,20612.357421875,384.9737243652344,7.528059005737305,1002.4000244140625
2008-05-31,10597.732421875,23842.6484375,414.99920654296875,7.86935567855835,1029.0999755859375
2008-06-30,8945.43359375,19227.943359375,368.0019226074219,5.850822448730469,1046.0
2008-07-31,8072.36279296875,16651.396484375,340.69512939453125,4.709911346435547,1010.7000122070312
2008-08-31,7385.349609375,14920.884765625,352.6493835449219,4.134580612182617,1088.4000244140625
2008-09-30,7714.5419921875,14882.423828125,306.7416076660156,3.949305772781372,1204.800048828125
2008-10-31,7542.78955078125,8075.73779296875,239.35418701171875,4.592895030975342,1289.199951171875
2008-11-30,6955.9736328125,5760.69091796875,198.14413452148438,2.6718759536743164,1467.9000244140625
2008-12-31,6526.58935546875,5597.32177734375,212.0673828125,2.5743625164031982,1242.199951171875
2009-01-31,7076.50244140625,7468.66357421875,208.15927124023438,3.6275100708007812,1377.0999755859375
2009-02-28,6902.84423828125,7218.0361328125,198.9037628173828,3.1399412155151367,1530.300048828125
2009-03-31,8219.7392578125,10317.4482421875,230.79832458496094,3.959057331085205,1375.0999755859375
2009-04-30,8567.0546875,12030.0625,258.40496826171875,4.758669853210449,1278.0999755859375
2009-05-31,8075.0244140625,10776.9306640625,271.17877197265625,4.9341936111450195,1250.0999755859375
2009-06-30,8574.2509765625,11403.4951171875,263.0227355957031,4.9341936111450195,1272.5999755859375
2009-07-31,10486.0732421875,14703.41015625,301.59405517578125,6.231125831604004,1223.0999755859375
2009-08-31,11166.794921875,18337.4921875,306.03192138671875,7.186759948730469,1249.5
2009-09-30,11804.0712890625,16541.3359375,325.59246826171875,7.996124267578125,1173.699951171875
2009-10-31,10471.58984375,15079.3505859375,296.4665222167969,6.621181488037109,1185.5
2009-11-30,10428.134765625,15413.5146484375,309.9000244140625,7.33303165435791,1160.5999755859375
2009-12-31,11683.6826171875,19694.857421875,359.7359313964844,10.297450065612793,1151.0999755859375
2010-01-31,11464.3349609375,19354.556640625,315.9171447753906,8.503196716308594,1158.199951171875
2010-02-28,10879.4228515625,17865.744140625,338.69610595703125,8.83474349975586,1161.4000244140625
2010-03-31,11961.517578125,22715.021484375,366.3927307128906,10.11217212677002,1131.5999755859375
2010-04-30,12414.822265625,24161.298828125,375.88812255859375,9.117533683776855,1107.9000244140625
2010-05-31,11347.3544921875,21396.35546875,355.4880065917969,8.863996505737305,1200.0
2010-06-30,11389.65234375,21311.28125,332.1392822265625,8.278913497924805,1227.199951171875
2010-07-31,11919.4033203125,19141.875,348.64129638671875,7.0989990234375,1184.0999755859375
2010-08-31,11124.779296875,17950.822265625,307.3412780761719,6.299386024475098,1193.0999755859375
2010-09-30,11433.7978515625,18844.111328125,349.0710754394531,7.030739784240723,1139.199951171875
2010-10-31,10962.90625,19694.857421875,372.4598083496094,8.054632186889648,1132.4000244140625
2010-11-30,12154.8544921875,19992.623046875,389.93133544921875,7.089247703552246,1163.0
2010-12-31,14039.669921875,20676.99609375,411.620849609375,7.820599555969238,1127.0999755859375
2011-01-31,14513.08203125,25544.708984375,440.2969665527344,10.27794361114502,1117.4000244140625
2011-02-28,13655.0244140625,24424.703125,458.398193359375,10.85327434539795,1127.0999755859375
2011-03-31,13788.1650390625,26966.248046875,437.1484680175781,11.184823989868164,1098.300048828125
2011-04-30,13211.2001953125,29120.103515625,449.34259033203125,11.038552284240723,1068.800048828125
2011-05-31,13344.34375,25932.3984375,439.38739013671875,9.94639778137207,1075.300048828125
2011-06-30,12227.3359375,21581.611328125,410.15155029296875,7.29402494430542,1068.9000244140625
2011-07-31,12493.7890625,20892.384765625,386.75286865234375,7.186759948730469,1049.0
2011-08-31,11013.4833984375,16455.44140625,355.6179504394531,5.763061046600342,1071.800048828125
2011-09-30,12434.5791015625,18393.9140625,338.6561279296875,4.914690017700195,1177.0
2011-10-31,14329.369140625,19686.22265625,386.3030700683594,5.451016426086426,1104.0
2011-11-30,14862.287109375,19772.37890625,373.13946533203125,5.841071605682373,1140.300048828125
2011-12-31,15734.970703125,18910.83984375,364.26373291015625,6.133612632751465,1155.4000244140625
2012-01-31,16463.720703125,23132.388671875,408.7422180175781,7.411041259765625,1125.699951171875
2012-02-29,17936.076171875,26018.55078125,423.9648742675781,8.337424278259277,1124.5999755859375
2012-03-31,18962.2734375,25200.08984375,438.4278869628906,7.898611545562744,1138.0
2012-04-30,20672.6015625,24166.23828125,413.1900939941406,6.426153659820557,1131.699951171875
2012-05-31,18010.443359375,19901.609375,368.19183349609375,5.694800853729248,1179.699951171875
2012-06-30,17869.37109375,20547.765625,385.2735595703125,6.1531147956848145,1157.0999755859375
2012-07-31,19476.275390625,18695.45703125,383.534423828125,6.05560302734375,1136.5999755859375
2012-08-31,18345.49609375,18264.681640625,395.9883728027344,6.05560302734375,1133.5999755859375
2012-09-30,20026.798828125,19600.0703125,382.0851135253906,5.831319808959961,1115.4000244140625
2012-10-31,19491.158203125,21409.30859375,366.85247802734375,5.294994831085205,1090.300048828125
2012-11-30,20919.5234375,21021.611328125,374.1689453125,5.821568489074707,1082.0999755859375
2012-12-31,22761.587890625,22184.6953125,384.05999755859375,6.182369709014893,1038.0999755859375
2013-01-31,21654.908203125,21021.611328125,412.7300109863281,7.372036457061768,1085.4000244140625
2013-02-28,23090.591796875,22830.8515625,426.6300048828125,8.171648025512695,1083.9000244140625
2013-03-31,22836.353515625,24769.31640625,436.6600036621094,9.731866836547852,1112.0
2013-04-30,22731.671875,25760.091796875,444.3599853515625,9.185790061950684,1103.199951171875
2013-05-31,23000.8671875,27741.638671875,468.6300048828125,11.389601707458496,1127.5999755859375
2013-06-30,20077.640625,26880.09375,468.42999267578125,13.973713874816895,1147.199951171875
2013-07-31,19150.0546875,23433.931640625,477.7799987792969,12.910816192626953,1113.300048828125
2013-08-31,20466.6171875,24338.55078125,457.70001220703125,13.232611656188965,1111.699951171875
2013-09-30,20451.66015625,26061.630859375,490.8299865722656,17.035646438598633,1075.800048828125
2013-10-31,21917.8359375,27526.251953125,507.0899963378906,17.240421295166016,1058.199951171875
2013-11-30,22351.703125,30498.5703125,510.25,20.57539176940918,1060.0999755859375
2013-12-31,20729.638671875,31704.7265625,535.030029296875,21.209232330322266,1054.300048828125
2014-01-31,19339.603515625,32609.359375,529.1799926757812,22.4671630859375,1079.300048828125
2014-02-28,20382.134765625,33384.734375,563.8300170898438,23.588571548461914,1068.699951171875
2014-03-31,20291.48046875,31015.49609375,586.739990234375,23.071748733520508,1066.550048828125
2014-04-30,20291.48046875,34590.88671875,575.969970703125,25.470577239990234,1029.43994140625
2014-05-31,21802.376953125,38037.05859375,599.5900268554688,27.879175186157227,1018.5399780273438
2014-06-30,19981.7265625,41827.83984375,635.9299926757812,32.130767822265625,1013.2999877929688
2014-07-31,20299.134765625,39157.0625,607.5499877929688,29.790437698364258,1023.5999755859375
2014-08-31,18651.62890625,39113.984375,645.25,31.789464950561523,1014.2000122070312
2014-09-30,17895.892578125,40277.05859375,638.47998046875,33.40819549560547,1052.199951171875
2014-10-31,18802.771484375,40880.1484375,640.8599853515625,32.26728820800781,1053.800048828125
2014-11-30,19452.7109375,41397.07421875,685.739990234375,35.05617904663086,1099.0999755859375
2014-12-31,20350.828125,41402.87890625,686.8699951171875,34.139549255371094,1095.300048828125
2015-01-31,20933.5859375,41316.17578125,653.1400146484375,28.542268753051758,1098.800048828125
2015-02-28,20810.90234375,40405.7421875,714.6500244140625,29.907459259033203,1100.6700439453125
2015-03-31,22099.123046875,39495.3125,695.47998046875,26.45547103881836,1105.5
2015-04-30,21623.7109375,40015.55859375,686.2899780273438,27.43061065673828,1068.969970703125
2015-05-31,20044.1015625,44307.5859375,745.4099731445312,27.235584259033203,1107.0
2015-06-30,19461.234375,36677.3125,680.5399780273438,18.371580123901367,1118.219970703125
2015-07-31,18187.34765625,32168.525390625,646.2899780273438,18.04979133605957,1170.77001953125
2015-08-31,16713.943359375,31041.3203125,611.0399780273438,16.001996994018555,1177.5999755859375
2015-09-30,17404.603515625,29090.400390625,602.72998046875,14.607553482055664,1194.1600341796875
2015-10-31,21057.4140625,26619.23828125,662.52001953125,16.148273468017578,1139.8599853515625
2015-11-30,19706.796875,27399.603515625,677.1400146484375,15.533935546875,1154.8299560546875
2015-12-31,19648.85546875,27101.12109375,663.47998046875,13.807940483093262,1175.43994140625
2016-01-31,17933.478515625,24060.501953125,613.6799926757812,10.75576400756836,1205.6300048828125
2016-02-29,18370.12109375,26440.1171875,622.1099853515625,10.365708351135254,1241.1300048828125
2016-03-31,20459.7578125,24809.640625,676.8900146484375,10.209685325622559,1140.22998046875
2016-04-30,19414.935546875,24809.640625,645.3400268554688,10.4827241897583,1134.0
2016-05-31,20147.876953125,25294.375,699.3599853515625,12.403745651245117,1198.449951171875
2016-06-30,22237.814453125,28555.322265625,691.6699829101562,13.417888641357422,1152.1500244140625
2016-07-31,24016.841796875,30317.9921875,766.780029296875,13.398384094238281,1123.3499755859375
2016-08-31,25280.880859375,32124.73828125,801.47998046875,16.08000373840332,1118.3800048828125
2016-09-30,24937.5625,35429.7578125,835.5999755859375,17.337934494018555,1101.6199951171875
2016-10-31,25577.3828125,36134.82421875,823.52001953125,16.733352661132812,1146.699951171875
2016-11-30,27247.177734375,37809.3671875,879.469970703125,19.0444278717041,1167.8599853515625
2016-12-31,28557.630859375,39920.4609375,906.469970703125,21.37500762939453,1205.2900390625
2017-01-31,31267.57421875,47958.1328125,944.280029296875,23.510557174682617,1169.2099609375
2017-02-28,30459.3515625,41706.62890625,969.3800048828125,22.857213973999023,1133.93994140625
2017-03-31,32756.091796875,45100.3046875,1011.4000244140625,28.18146324157715,1117.02001953125
2017-04-30,35475.16796875,48226.05859375,1005.530029296875,26.98204231262207,1129.93994140625
2017-05-31,35538.77734375,50905.296875,1091.4200439453125,30.004972457885742,1123.9000244140625
2017-06-30,37907.96875,60193.28125,1034.9100341796875,29.11759376525879,1146.1400146484375
2017-07-31,38434.2578125,58942.9765625,1085.1500244140625,27.420856475830078,1124.050048828125
2017-08-31,36935.1640625,61264.96484375,1114.31005859375,31.175134658813477,1123.3299560546875
2017-09-30,41001.29296875,74035.9453125,1171.739990234375,38.35215377807617,1145.93994140625
2017-10-31,44039.60546875,73410.796875,1275.6099853515625,43.20832061767578,1123.449951171875
2017-11-30,40617.515625,68588.1796875,1272.550048828125,41.3360595703125,1080.6600341796875
2017-12-31,41112.1953125,69256.15625,1253.050048828125,40.09762954711914,1069.489990234375
2018-01-31,40257.03515625,66540.2265625,1361.5,42.63300323486328,1072.5400390625
2018-02-28,37965.8671875,69527.75,1362.02001953125,47.59645080566406,1079.3900146484375
2018-03-31,39999.203125,73601.640625,1328.9000244140625,50.843650817871094,1062.0
2018-04-30,43071.0703125,76498.6328125,1244.4000244140625,44.83680725097656,1067.5999755859375
2018-05-31,41201.9453125,84555.90625,1379.0,56.15814971923828,1075.030029296875
2018-06-30,38192.625,77584.9921875,1313.699951171875,51.13618087768555,1120.5400390625
2018-07-31,37865.1328125,78128.1953125,1367.469970703125,51.47749710083008,1116.6700439453125
2018-08-31,39666.29296875,75140.6640625,1401.199951171875,51.214202880859375,1115.449951171875
2018-09-30,38315.0390625,66178.1015625,1366.739990234375,44.10544967651367,1112.31005859375
2018-10-31,34974.3203125,61742.08203125,1202.300048828125,36.78217697143555,1137.699951171875
2018-11-30,34520.64453125,63009.5234375,1239.5999755859375,37.601287841796875,1117.02001953125
2018-12-31,32219.744140625,56173.19921875,1155.1700439453125,30.941102981567383,1116.300048828125
2019-01-31,38422.24609375,68614.859375,1272.0899658203125,37.26973342895508,1109.0
2019-02-28,37548.0625,64993.76171875,1350.199951171875,39.863609313964844,1115.0999755859375
2019-03-31,37465.875,68893.421875,1395.510009765625,40.30241775512695,1134.3199462890625
2019-04-30,38472.7890625,73350.125,1556.1800537109375,41.01427459716797,1158.7900390625
2019-05-31,35661.80859375,60629.9140625,1296.1800537109375,31.799230575561523,1188.3800048828125
2019-06-30,39745.6328125,64529.53515625,1458.9599609375,37.63055419921875,1155.510009765625
2019-07-31,38350.30859375,71400.3125,1542.43994140625,43.77390670776367,1180.6500244140625
2019-08-31,37208.703125,71864.5546875,1504.9200439453125,44.14445877075195,1207.1600341796875
2019-09-30,41779.8359375,76321.2890625,1558.75,41.78462600708008,1201.9100341796875
2019-10-31,42929.7421875,76135.578125,1651.219970703125,46.36777114868164,1163.699951171875
2019-11-30,42844.55859375,75114.2421875,1716.8399658203125,46.32876968383789,1177.010009765625
2019-12-31,47835.015625,88301.6875,1849.6199951171875,52.442874908447266,1156.3499755859375
2020-01-31,48349.36328125,87738.6328125,1789.9300537109375,51.77003479003906,1187.1199951171875
2020-02-29,46463.3984375,82483.7109375,1705.5400390625,51.253204345703125,1211.31005859375
2020-03-31,41236.30859375,78167.15625,1510.5899658203125,41.01427459716797,1222.699951171875
2020-04-30,43179.375,78542.5078125,1731.239990234375,46.69932174682617,1210.7900390625
2020-05-31,43783.89453125,76478.046875,1852.489990234375,46.71882247924805,1237.97998046875
2020-06-30,45902.3046875,79856.2265625,1996.43994140625,50.23905944824219,1198.489990234375
2020-07-31,50336.0390625,77697.9765625,2136.409912109375,48.815372467041016,1189.56005859375
2020-08-31,46945.5234375,70472.4375,2260.429931640625,44.37849044799805,1179.5899658203125
2020-09-30,50908.1015625,78824.0234375,2244.1201171875,45.79243850708008,1167.8599853515625
2020-10-31,49508.56640625,74976.6640625,2246.14990234375,49.08840560913086,1129.52001953125
2020-11-30,58343.140625,91492.1640625,2663.489990234375,62.49653625488281,1104.3299560546875
2020-12-31,72634.578125,112336.1171875,2795.5,73.31080627441406,1086.4200439453125
2021-01-31,73531.3125,116128.0625,2887.080078125,76.32398223876953,1112.2900390625
2021-02-28,73979.6640625,134139.765625,3067.6201171875,89.2542953491211,1119.1300048828125
2021-03-31,73317.6328125,125607.90625,3124.93994140625,86.0168685913086,1132.3199462890625
2021-04-30,73407.703125,121341.96875,3108.989990234375,83.9300537109375,1106.6300048828125
2021-05-31,72506.9921875,120393.96875,3186.56005859375,82.04803466796875,1112.8499755859375
2021-06-30,73008.9609375,120867.96875,3345.31005859375,82.8671646118164,1130.510009765625
2021-07-31,71018.6171875,106648.21875,3356.530029296875,75.65113830566406,1142.1199951171875
2021-08-31,69390.171875,100960.3046875,3417.719970703125,71.86762237548828,1165.510009765625
2021-09-30,67356.6640625,97642.375,3258.090087890625,69.31197357177734,1187.4300537109375
2021-10-31,63447.95703125,97642.375,3451.27001953125,67.47618103027344,1167.3699951171875
2021-11-30,64811.4609375,108070.203125,3833.219970703125,82.0260238647461,1190.739990234375
2021-12-31,71495.859375,125704.2265625,3946.169921875,91.0579833984375,1189.8900146484375
2022-01-31,66930.34375,115628.6953125,3483.2099609375,80.42233276367188,1207.7099609375
2022-02-28,65652.0078125,118027.640625,3429.530029296875,86.86433410644531,1197.5899658203125
2022-03-31,63880.37109375,113513.5546875,3429.0,76.14069366455078,1210.43994140625
2022-04-30,61861.16015625,108222.6640625,2919.739990234375,66.74962615966797,1272.2900390625
2022-05-31,61861.16015625,103893.734375,3098.68994140625,72.28028869628906,1236.1700439453125
2022-06-30,52635.70703125,87816.5625,2556.25,54.11233901977539,1301.72998046875
2022-07-31,56698.81640625,94475.171875,2967.139892578125,60.67190933227539,1295.1500244140625
2022-08-31,55128.98046875,91869.6328125,2677.389892578125,55.444271087646484,1350.18994140625
2022-09-30,49371.2421875,80490.28125,2306.699951171875,49.13777160644531,1430.1700439453125
2022-10-31,55228.83984375,80102.8515625,2384.449951171875,53.17289733886719,1421.6500244140625
2022-11-30,57832.22265625,82330.6328125,2826.85009765625,56.66206359863281,1325.3699951171875
2022-12-31,51738.23046875,72928.8125,2532.110107421875,49.235286712646484,1260.260009765625
2023-01-31,57445.328125,86056.0,2921.919921875,59.40152359008789,1231.5
2023-02-28,56696.85546875,86931.1484375,2958.389892578125,56.958465576171875,1318.3499755859375
2023-03-31,60224.61328125,86451.6953125,3230.860107421875,59.44092559814453,1296.5
2023-04-30,61636.13671875,87329.8671875,2994.969970703125,63.529151916503906,1339.3900146484375
2023-05-31,67188.09375,105966.734375,3453.179931640625,67.31958770751953,1319.7900390625
2023-06-30,68279.953125,112702.53125,3673.06005859375,62.295291900634766,1323.0699462890625
2023-07-31,66010.25,120724.7421875,3861.6298828125,70.60100555419922,1272.3900146484375
2023-08-31,63267.70703125,119159.4296875,3670.929931640625,69.16703796386719,1323.030029296875
2023-09-30,65024.5,112501.828125,3434.2900390625,67.27812957763672,1347.8499755859375
2023-10-31,63598.53125,114071.171875,3215.889892578125,66.24129486083984,1348.0699462890625
2023-11-30,69207.3671875,131333.875,3724.580078125,75.4043197631836,1288.3599853515625
2023-12-31,74979.4453125,139084.390625,4175.47021484375,84.65081024169922,1277.8399658203125
2024-01-31,69439.546875,132400.4375,4260.919921875,85.0575180053711,1326.6199951171875
2024-02-29,70108.171875,153533.40625,4726.919921875,89.8782730102539,1333.3800048828125
2024-03-31,79062.1953125,180174.21875,4905.2099609375,117.05083465576172,1349.800048828125
2024-04-30,74360.6953125,171510.078125,4673.2998046875,112.15593719482422,1374.6400146484375
2024-05-31,70522.703125,186278.421875,5123.35986328125,124.11022186279297,1375.6199951171875
2024-06-30,78547.4375,233143.171875,5472.259765625,130.59371948242188,1386.949951171875
2024-07-31,80860.4921875,191837.90625,5233.18017578125,109.13365173339844,1383.5
2024-08-31,71608.2734375,171234.5625,5158.81982421875,95.63851928710938,1332.8800048828125
2024-09-30,59604.55859375,172407.6875,5173.06005859375,103.06182861328125,1309.300048828125
2024-10-31,57375.4453125,183960.765625,4946.75,99.13870239257812,1378.5699462890625
2024-11-30,52529.55078125,157892.265625,4926.56005859375,97.44741821289062,1393.300048828125
2024-12-31,51911.9375,171716.46875,4979.93017578125,83.83696746826172,1467.3900146484375
2025-01-31,51131.30859375,196698.796875,5015.85009765625,90.88978576660156,1441.6600341796875
2025-02-28,53180.4609375,189026.046875,4766.75,93.2706069946289,1449.8599853515625
2025-03-31,56735.65234375,189522.953125,4270.43017578125,86.66918182373047,1469.4100341796875
2025-04-30,54478.00390625,176404.4375,4230.08984375,76.75444030761719,1431.1600341796875
2025-05-31,55165.11328125,203604.84375,4758.06005859375,94.2199478149414,1370.4100341796875
2025-06-30,59058.8671875,290721.875,5546.5400390625,122.93678283691406,1363.5899658203125
2025-07-31,70515.1015625,272302.8125,5607.919921875,108.96510314941406,1392.52001953125
2025-08-31,68836.1796875,268209.34375,5668.93994140625,118.81929016113281,1384.4100341796875
2025-09-30,83229.875,346478.65625,6369.81982421875,167.0518798828125,1399.3299560546875
2025-10-31,106641.3828125,557357.0,7228.66015625,223.55133056640625,1424.02001953125
2025-11-30,99697.2890625,528820.75,7025.14990234375,236.24891662597656,1461.4000244140625
2025-12-31,119520.53125,649551.5,7083.1298828125,285.24627685546875,1437.9100341796875
2026-01-31,159992.03125,906977.4375,7998.47021484375,414.6419982910156,1428.760009765625
2026-02-28,215814.796875,1060592.625,8098.3701171875,412.1334533691406,1432.3199462890625
2026-03-31,167015.8125,806690.1875,7588.2001953125,337.7880554199219,1516.1300048828125
2026-04-30,220257.09375,1285506.25,10503.7001953125,517.0804443359375,1487.3800048828125
2026-05-31,316650.78125,2332494.25,12829.3798828125,970.8507080078125,1495.2900390625
2026-06-30,334000.0,2649425.5,14246.9599609375,1154.112548828125,1541.72998046875
2026-07-31,262500.0,1717627.625,11311.080078125,823.030029296875,1420.5999755859375
2026-08-31,260000.0,1674000.0,11535.0498046875,958.72998046875,1377.1099853515625
2026-09-30,268500.0,1776000.0,12628.6201171875,1065.1099853515625,1350.5
2026-10-31,276000.0,1841000.0,13136.669921875,1074.8900146484375,1342.8900146484375
